<?xml version="1.0" encoding="UTF-8"?>
<zabbix_export>
    <version>5.0</version>
    <date>2022-09-15T22:27:20Z</date>
    <groups>
        <group>
            <name>Templates</name>
        </group>
    </groups>
    <templates>
        <template>
            <template>Template DownDetector Discovery - BEE</template>
            <name>Template DownDetector Discovery - BEE</name>
            <groups>
                <group>
                    <name>Templates</name>
                </group>
            </groups>
            <applications>
                <application>
                    <name>Site</name>
                </application>
            </applications>
            <discovery_rules>
                <discovery_rule>
                    <name>Descoberta Site</name>
                    <type>EXTERNAL</type>
                    <key>downdetectorDiscovery.py</key>
                    <delay>5m</delay>
                    <lifetime>7d</lifetime>
                    <item_prototypes>
                        <item_prototype>
                            <name>{#SITE_NOME}</name>
                            <type>EXTERNAL</type>
                            <key>downdetector.py[{#SITE_ID}]</key>
                            <delay>5m</delay>
                            <history>7d</history>
                            <trends>7d</trends>
                            <applications>
                                <application>
                                    <name>Site</name>
                                </application>
                            </applications>
                            <valuemap>
                                <name>Status Downdetector</name>
                            </valuemap>
                        </item_prototype>
                    </item_prototypes>
                </discovery_rule>
            </discovery_rules>
        </template>
    </templates>
    <value_maps>
        <value_map>
            <name>Status Downdetector</name>
            <mappings>
                <mapping>
                    <value>0</value>
                    <newvalue>Error</newvalue>
                </mapping>
                <mapping>
                    <value>1</value>
                    <newvalue>Estável</newvalue>
                </mapping>
                <mapping>
                    <value>2</value>
                    <newvalue>Intermitência</newvalue>
                </mapping>
                <mapping>
                    <value>3</value>
                    <newvalue>Instável</newvalue>
                </mapping>
            </mappings>
        </value_map>
    </value_maps>
</zabbix_export>
