<?xml version="1.0" encoding="UTF-8"?>
<zabbix_export>
    <version>5.0</version>
    <date>2022-09-15T22:16:46Z</date>
    <groups>
        <group>
            <name>DOWNDETECTOR</name>
        </group>
    </groups>
    <hosts>
        <host>
            <host>DOWNDETECTOR</host>
            <name>DOWNDETECTOR</name>
            <templates>
                <template>
                    <name>Template DownDetector Discovery - BEE</name>
                </template>
            </templates>
            <groups>
                <group>
                    <name>DOWNDETECTOR</name>
                </group>
            </groups>
            <interfaces>
                <interface>
                    <interface_ref>if1</interface_ref>
                </interface>
            </interfaces>
            <inventory_mode>DISABLED</inventory_mode>
        </host>
    </hosts>
</zabbix_export>
